,0
0,https://stooq.com/q/g/?s=01c
1,https://stooq.com/q/g/?s=06n
2,https://stooq.com/q/g/?s=08n
3,https://stooq.com/q/g/?s=11b
4,https://stooq.com/q/g/?s=1at
5,https://stooq.com/q/g/?s=2cp
6,https://stooq.com/q/g/?s=2it
7,https://stooq.com/q/g/?s=4fm
8,https://stooq.com/q/g/?s=4mb
9,https://stooq.com/q/g/?s=4ms
10,https://stooq.com/q/g/?s=5ah
11,https://stooq.com/q/g/?s=7ft
12,https://stooq.com/q/g/?s=7lv
13,https://stooq.com/q/g/?s=aas
14,https://stooq.com/q/g/?s=aat
15,https://stooq.com/q/g/?s=abc
16,https://stooq.com/q/g/?s=abe
17,https://stooq.com/q/g/?s=abk
18,https://stooq.com/q/g/?s=abs
19,https://stooq.com/q/g/?s=aca
20,https://stooq.com/q/g/?s=acg
21,https://stooq.com/q/g/?s=ack
22,https://stooq.com/q/g/?s=acp
23,https://stooq.com/q/g/?s=acr
24,https://stooq.com/q/g/?s=act
25,https://stooq.com/q/g/?s=adv
26,https://stooq.com/q/g/?s=aed
27,https://stooq.com/q/g/?s=aer
28,https://stooq.com/q/g/?s=afc
29,https://stooq.com/q/g/?s=afh
30,https://stooq.com/q/g/?s=agl
31,https://stooq.com/q/g/?s=ago
32,https://stooq.com/q/g/?s=agp
33,https://stooq.com/q/g/?s=agt
34,https://stooq.com/q/g/?s=ain
35,https://stooq.com/q/g/?s=ait
36,https://stooq.com/q/g/?s=alc
37,https://stooq.com/q/g/?s=ald
38,https://stooq.com/q/g/?s=ali
39,https://stooq.com/q/g/?s=all
40,https://stooq.com/q/g/?s=alr
41,https://stooq.com/q/g/?s=als
42,https://stooq.com/q/g/?s=alu
43,https://stooq.com/q/g/?s=amb
44,https://stooq.com/q/g/?s=amc
45,https://stooq.com/q/g/?s=aml
46,https://stooq.com/q/g/?s=aol
47,https://stooq.com/q/g/?s=apa
48,https://stooq.com/q/g/?s=apc
49,https://stooq.com/q/g/?s=ape
50,https://stooq.com/q/g/?s=apl
51,https://stooq.com/q/g/?s=apn
52,https://stooq.com/q/g/?s=apr
53,https://stooq.com/q/g/?s=aps
54,https://stooq.com/q/g/?s=apt
55,https://stooq.com/q/g/?s=aqa
56,https://stooq.com/q/g/?s=aqt
57,https://stooq.com/q/g/?s=aqu
58,https://stooq.com/q/g/?s=ara
59,https://stooq.com/q/g/?s=arc
60,https://stooq.com/q/g/?s=are
61,https://stooq.com/q/g/?s=arg
62,https://stooq.com/q/g/?s=arh
63,https://stooq.com/q/g/?s=ari
64,https://stooq.com/q/g/?s=ark
65,https://stooq.com/q/g/?s=arr
66,https://stooq.com/q/g/?s=art
67,https://stooq.com/q/g/?s=arx
68,https://stooq.com/q/g/?s=asa
69,https://stooq.com/q/g/?s=asb
70,https://stooq.com/q/g/?s=ase
71,https://stooq.com/q/g/?s=asm
72,https://stooq.com/q/g/?s=asp
73,https://stooq.com/q/g/?s=asr
74,https://stooq.com/q/g/?s=ass
75,https://stooq.com/q/g/?s=ast
76,https://stooq.com/q/g/?s=ata
77,https://stooq.com/q/g/?s=atc
78,https://stooq.com/q/g/?s=atd
79,https://stooq.com/q/g/?s=atg
80,https://stooq.com/q/g/?s=atl
81,https://stooq.com/q/g/?s=atm
82,https://stooq.com/q/g/?s=ato
83,https://stooq.com/q/g/?s=atp
84,https://stooq.com/q/g/?s=atr
85,https://stooq.com/q/g/?s=ats
86,https://stooq.com/q/g/?s=att
87,https://stooq.com/q/g/?s=aug
88,https://stooq.com/q/g/?s=aux
89,https://stooq.com/q/g/?s=ave
90,https://stooq.com/q/g/?s=awb
91,https://stooq.com/q/g/?s=awm
92,https://stooq.com/q/g/?s=azc
93,https://stooq.com/q/g/?s=b24
94,https://stooq.com/q/g/?s=bah
95,https://stooq.com/q/g/?s=bal
96,https://stooq.com/q/g/?s=bba
97,https://stooq.com/q/g/?s=bbd
98,https://stooq.com/q/g/?s=bbt
99,https://stooq.com/q/g/?s=bci
100,https://stooq.com/q/g/?s=bcm
101,https://stooq.com/q/g/?s=bdg
102,https://stooq.com/q/g/?s=bdl
103,https://stooq.com/q/g/?s=bdx
104,https://stooq.com/q/g/?s=bdz
105,https://stooq.com/q/g/?s=bep
106,https://stooq.com/q/g/?s=ber
107,https://stooq.com/q/g/?s=bfc
108,https://stooq.com/q/g/?s=bft
109,https://stooq.com/q/g/?s=bgd
110,https://stooq.com/q/g/?s=bhw
111,https://stooq.com/q/g/?s=bhx
112,https://stooq.com/q/g/?s=bik
113,https://stooq.com/q/g/?s=bio
114,https://stooq.com/q/g/?s=bip
115,https://stooq.com/q/g/?s=bit
116,https://stooq.com/q/g/?s=bkm
117,https://stooq.com/q/g/?s=blo
118,https://stooq.com/q/g/?s=blr
119,https://stooq.com/q/g/?s=blt
120,https://stooq.com/q/g/?s=blu
121,https://stooq.com/q/g/?s=bmc
122,https://stooq.com/q/g/?s=bml
123,https://stooq.com/q/g/?s=bmx
124,https://stooq.com/q/g/?s=bnp
125,https://stooq.com/q/g/?s=boa
126,https://stooq.com/q/g/?s=bos
127,https://stooq.com/q/g/?s=bow
128,https://stooq.com/q/g/?s=bpc
129,https://stooq.com/q/g/?s=bpn
130,https://stooq.com/q/g/?s=bpx
131,https://stooq.com/q/g/?s=bra
132,https://stooq.com/q/g/?s=brg
133,https://stooq.com/q/g/?s=bro
134,https://stooq.com/q/g/?s=brs
135,https://stooq.com/q/g/?s=bru
136,https://stooq.com/q/g/?s=bsa
137,https://stooq.com/q/g/?s=bsc
138,https://stooq.com/q/g/?s=bst
139,https://stooq.com/q/g/?s=btc
140,https://stooq.com/q/g/?s=btg
141,https://stooq.com/q/g/?s=btk
142,https://stooq.com/q/g/?s=btx
143,https://stooq.com/q/g/?s=bvt
144,https://stooq.com/q/g/?s=cai
145,https://stooq.com/q/g/?s=cam
146,https://stooq.com/q/g/?s=car
147,https://stooq.com/q/g/?s=ccc
148,https://stooq.com/q/g/?s=cce
149,https://stooq.com/q/g/?s=ccs
150,https://stooq.com/q/g/?s=cct
151,https://stooq.com/q/g/?s=cda
152,https://stooq.com/q/g/?s=cdl
153,https://stooq.com/q/g/?s=cdr
154,https://stooq.com/q/g/?s=cez
155,https://stooq.com/q/g/?s=cfg
156,https://stooq.com/q/g/?s=cfi
157,https://stooq.com/q/g/?s=cfs
158,https://stooq.com/q/g/?s=chp
159,https://stooq.com/q/g/?s=chs
160,https://stooq.com/q/g/?s=cie
161,https://stooq.com/q/g/?s=cig
162,https://stooq.com/q/g/?s=ciga
163,https://stooq.com/q/g/?s=clc
164,https://stooq.com/q/g/?s=cld
165,https://stooq.com/q/g/?s=cle
166,https://stooq.com/q/g/?s=cln
167,https://stooq.com/q/g/?s=cls
168,https://stooq.com/q/g/?s=cmc
169,https://stooq.com/q/g/?s=cmi
170,https://stooq.com/q/g/?s=cmp
171,https://stooq.com/q/g/?s=cmr
172,https://stooq.com/q/g/?s=cng
173,https://stooq.com/q/g/?s=cnt
174,https://stooq.com/q/g/?s=cog
175,https://stooq.com/q/g/?s=com
176,https://stooq.com/q/g/?s=cor
177,https://stooq.com/q/g/?s=cpa
178,https://stooq.com/q/g/?s=cpd
179,https://stooq.com/q/g/?s=cpg
180,https://stooq.com/q/g/?s=cpl
181,https://stooq.com/q/g/?s=cps
182,https://stooq.com/q/g/?s=crj
183,https://stooq.com/q/g/?s=crm
184,https://stooq.com/q/g/?s=crp
185,https://stooq.com/q/g/?s=crs
186,https://stooq.com/q/g/?s=csr
187,https://stooq.com/q/g/?s=csy
188,https://stooq.com/q/g/?s=ctc
189,https://stooq.com/q/g/?s=cte
190,https://stooq.com/q/g/?s=ctf
191,https://stooq.com/q/g/?s=ctg
192,https://stooq.com/q/g/?s=cts
193,https://stooq.com/q/g/?s=cwa
194,https://stooq.com/q/g/?s=cwp
195,https://stooq.com/q/g/?s=czk
196,https://stooq.com/q/g/?s=czt
197,https://stooq.com/q/g/?s=dam
198,https://stooq.com/q/g/?s=dat
199,https://stooq.com/q/g/?s=dbc
200,https://stooq.com/q/g/?s=dbe
201,https://stooq.com/q/g/?s=dcd
202,https://stooq.com/q/g/?s=dcr
203,https://stooq.com/q/g/?s=dek
204,https://stooq.com/q/g/?s=del
205,https://stooq.com/q/g/?s=dev
206,https://stooq.com/q/g/?s=dga
207,https://stooq.com/q/g/?s=dgl
208,https://stooq.com/q/g/?s=din
209,https://stooq.com/q/g/?s=dkr
210,https://stooq.com/q/g/?s=dlk
211,https://stooq.com/q/g/?s=dnp
212,https://stooq.com/q/g/?s=dns
213,https://stooq.com/q/g/?s=dok
214,https://stooq.com/q/g/?s=dom
215,https://stooq.com/q/g/?s=dpl
216,https://stooq.com/q/g/?s=dre
217,https://stooq.com/q/g/?s=drf
218,https://stooq.com/q/g/?s=drp
219,https://stooq.com/q/g/?s=eah
220,https://stooq.com/q/g/?s=eat
221,https://stooq.com/q/g/?s=ebc
222,https://stooq.com/q/g/?s=ebx
223,https://stooq.com/q/g/?s=ec2
224,https://stooq.com/q/g/?s=eca
225,https://stooq.com/q/g/?s=ecc
226,https://stooq.com/q/g/?s=ech
227,https://stooq.com/q/g/?s=eck
228,https://stooq.com/q/g/?s=ecl
229,https://stooq.com/q/g/?s=eco
230,https://stooq.com/q/g/?s=ecr
231,https://stooq.com/q/g/?s=edi
232,https://stooq.com/q/g/?s=edn
233,https://stooq.com/q/g/?s=eex
234,https://stooq.com/q/g/?s=efe
235,https://stooq.com/q/g/?s=efk
236,https://stooq.com/q/g/?s=efx
237,https://stooq.com/q/g/?s=egh
238,https://stooq.com/q/g/?s=egs
239,https://stooq.com/q/g/?s=ehg
240,https://stooq.com/q/g/?s=ekp
241,https://stooq.com/q/g/?s=eks
242,https://stooq.com/q/g/?s=elb
243,https://stooq.com/q/g/?s=elm
244,https://stooq.com/q/g/?s=elq
245,https://stooq.com/q/g/?s=elt
246,https://stooq.com/q/g/?s=elz
247,https://stooq.com/q/g/?s=emc
248,https://stooq.com/q/g/?s=emm
249,https://stooq.com/q/g/?s=emt
250,https://stooq.com/q/g/?s=emu
251,https://stooq.com/q/g/?s=ena
252,https://stooq.com/q/g/?s=ene
253,https://stooq.com/q/g/?s=eng
254,https://stooq.com/q/g/?s=eni
255,https://stooq.com/q/g/?s=enp
256,https://stooq.com/q/g/?s=ent
257,https://stooq.com/q/g/?s=eon
258,https://stooq.com/q/g/?s=epr
259,https://stooq.com/q/g/?s=erb
260,https://stooq.com/q/g/?s=erg
261,https://stooq.com/q/g/?s=ern
262,https://stooq.com/q/g/?s=ers
263,https://stooq.com/q/g/?s=esk
264,https://stooq.com/q/g/?s=ess
265,https://stooq.com/q/g/?s=est
266,https://stooq.com/q/g/?s=etl
267,https://stooq.com/q/g/?s=etx
268,https://stooq.com/q/g/?s=euc
269,https://stooq.com/q/g/?s=eur
270,https://stooq.com/q/g/?s=eve
271,https://stooq.com/q/g/?s=exa
272,https://stooq.com/q/g/?s=exc
273,https://stooq.com/q/g/?s=f51
274,https://stooq.com/q/g/?s=fav
275,https://stooq.com/q/g/?s=fdg
276,https://stooq.com/q/g/?s=fee
277,https://stooq.com/q/g/?s=fer
278,https://stooq.com/q/g/?s=ffi
279,https://stooq.com/q/g/?s=fgt
280,https://stooq.com/q/g/?s=fhd
281,https://stooq.com/q/g/?s=fig
282,https://stooq.com/q/g/?s=fin
283,https://stooq.com/q/g/?s=fkd
284,https://stooq.com/q/g/?s=fld
285,https://stooq.com/q/g/?s=flg
286,https://stooq.com/q/g/?s=fmf
287,https://stooq.com/q/g/?s=fmg
288,https://stooq.com/q/g/?s=fon
289,https://stooq.com/q/g/?s=for
290,https://stooq.com/q/g/?s=fpo
291,https://stooq.com/q/g/?s=fro
292,https://stooq.com/q/g/?s=fsg
293,https://stooq.com/q/g/?s=fte
294,https://stooq.com/q/g/?s=fth
295,https://stooq.com/q/g/?s=fti
296,https://stooq.com/q/g/?s=ftn
297,https://stooq.com/q/g/?s=gal
298,https://stooq.com/q/g/?s=gbk
299,https://stooq.com/q/g/?s=gcn
300,https://stooq.com/q/g/?s=gem
301,https://stooq.com/q/g/?s=gen
302,https://stooq.com/q/g/?s=gki
303,https://stooq.com/q/g/?s=gks
304,https://stooq.com/q/g/?s=glc
305,https://stooq.com/q/g/?s=glg
306,https://stooq.com/q/g/?s=gme
307,https://stooq.com/q/g/?s=gnb
308,https://stooq.com/q/g/?s=gng
309,https://stooq.com/q/g/?s=gnr
310,https://stooq.com/q/g/?s=gob
311,https://stooq.com/q/g/?s=gol
312,https://stooq.com/q/g/?s=gov
313,https://stooq.com/q/g/?s=gpr
314,https://stooq.com/q/g/?s=gpw
315,https://stooq.com/q/g/?s=grc
316,https://stooq.com/q/g/?s=gre
317,https://stooq.com/q/g/?s=gri
318,https://stooq.com/q/g/?s=grm
319,https://stooq.com/q/g/?s=grn
320,https://stooq.com/q/g/?s=gtc
321,https://stooq.com/q/g/?s=gtf
322,https://stooq.com/q/g/?s=gtk
323,https://stooq.com/q/g/?s=gtn
324,https://stooq.com/q/g/?s=gtp
325,https://stooq.com/q/g/?s=gtr
326,https://stooq.com/q/g/?s=gts
327,https://stooq.com/q/g/?s=gty
328,https://stooq.com/q/g/?s=gwr
329,https://stooq.com/q/g/?s=hbg
330,https://stooq.com/q/g/?s=hdr
331,https://stooq.com/q/g/?s=hef
332,https://stooq.com/q/g/?s=hel
333,https://stooq.com/q/g/?s=hld
334,https://stooq.com/q/g/?s=hmi
335,https://stooq.com/q/g/?s=hor
336,https://stooq.com/q/g/?s=hps
337,https://stooq.com/q/g/?s=hrc
338,https://stooq.com/q/g/?s=hrl
339,https://stooq.com/q/g/?s=hrp
340,https://stooq.com/q/g/?s=hrs
341,https://stooq.com/q/g/?s=hrt
342,https://stooq.com/q/g/?s=htn
343,https://stooq.com/q/g/?s=hub
344,https://stooq.com/q/g/?s=i2d
345,https://stooq.com/q/g/?s=i3d
346,https://stooq.com/q/g/?s=iag
347,https://stooq.com/q/g/?s=ibc
348,https://stooq.com/q/g/?s=ibs
349,https://stooq.com/q/g/?s=ica
350,https://stooq.com/q/g/?s=icd
351,https://stooq.com/q/g/?s=ice
352,https://stooq.com/q/g/?s=icp
353,https://stooq.com/q/g/?s=ida
354,https://stooq.com/q/g/?s=ide
355,https://stooq.com/q/g/?s=idg
356,https://stooq.com/q/g/?s=idh
357,https://stooq.com/q/g/?s=idm
358,https://stooq.com/q/g/?s=if4
359,https://stooq.com/q/g/?s=ifa
360,https://stooq.com/q/g/?s=ifc
361,https://stooq.com/q/g/?s=ifi
362,https://stooq.com/q/g/?s=ifm
363,https://stooq.com/q/g/?s=ifr
364,https://stooq.com/q/g/?s=ign
365,https://stooq.com/q/g/?s=igt
366,https://stooq.com/q/g/?s=iia
367,https://stooq.com/q/g/?s=imc
368,https://stooq.com/q/g/?s=img
369,https://stooq.com/q/g/?s=imp
370,https://stooq.com/q/g/?s=ims
371,https://stooq.com/q/g/?s=inb
372,https://stooq.com/q/g/?s=inc
373,https://stooq.com/q/g/?s=ind
374,https://stooq.com/q/g/?s=inf
375,https://stooq.com/q/g/?s=ing
376,https://stooq.com/q/g/?s=ink
377,https://stooq.com/q/g/?s=inl
378,https://stooq.com/q/g/?s=inm
379,https://stooq.com/q/g/?s=inp
380,https://stooq.com/q/g/?s=ins
381,https://stooq.com/q/g/?s=int
382,https://stooq.com/q/g/?s=inv
383,https://stooq.com/q/g/?s=inw
384,https://stooq.com/q/g/?s=iod
385,https://stooq.com/q/g/?s=ipe
386,https://stooq.com/q/g/?s=ipf
387,https://stooq.com/q/g/?s=ipl
388,https://stooq.com/q/g/?s=ipo
389,https://stooq.com/q/g/?s=ipx
390,https://stooq.com/q/g/?s=iqp
391,https://stooq.com/q/g/?s=irl
392,https://stooq.com/q/g/?s=isg
393,https://stooq.com/q/g/?s=ist
394,https://stooq.com/q/g/?s=itb
395,https://stooq.com/q/g/?s=itl
396,https://stooq.com/q/g/?s=itm
397,https://stooq.com/q/g/?s=ius
398,https://stooq.com/q/g/?s=ive
399,https://stooq.com/q/g/?s=izb
400,https://stooq.com/q/g/?s=izo
401,https://stooq.com/q/g/?s=izs
402,https://stooq.com/q/g/?s=jhm
403,https://stooq.com/q/g/?s=jjb
404,https://stooq.com/q/g/?s=jjo
405,https://stooq.com/q/g/?s=jrh
406,https://stooq.com/q/g/?s=jsw
407,https://stooq.com/q/g/?s=jwa
408,https://stooq.com/q/g/?s=jwc
409,https://stooq.com/q/g/?s=jww
410,https://stooq.com/q/g/?s=k2i
411,https://stooq.com/q/g/?s=kan
412,https://stooq.com/q/g/?s=kbd
413,https://stooq.com/q/g/?s=kbj
414,https://stooq.com/q/g/?s=kch
415,https://stooq.com/q/g/?s=kci
416,https://stooq.com/q/g/?s=kdm
417,https://stooq.com/q/g/?s=ker
418,https://stooq.com/q/g/?s=kfm
419,https://stooq.com/q/g/?s=kgh
420,https://stooq.com/q/g/?s=kgl
421,https://stooq.com/q/g/?s=kgn
422,https://stooq.com/q/g/?s=kin
423,https://stooq.com/q/g/?s=kkh
424,https://stooq.com/q/g/?s=kln
425,https://stooq.com/q/g/?s=kme
426,https://stooq.com/q/g/?s=kmp
427,https://stooq.com/q/g/?s=kom
428,https://stooq.com/q/g/?s=kor
429,https://stooq.com/q/g/?s=kpc
430,https://stooq.com/q/g/?s=kpd
431,https://stooq.com/q/g/?s=kpi
432,https://stooq.com/q/g/?s=kpl
433,https://stooq.com/q/g/?s=krc
434,https://stooq.com/q/g/?s=kri
435,https://stooq.com/q/g/?s=krk
436,https://stooq.com/q/g/?s=kru
437,https://stooq.com/q/g/?s=ksg
438,https://stooq.com/q/g/?s=kst
439,https://stooq.com/q/g/?s=ksw
440,https://stooq.com/q/g/?s=kty
441,https://stooq.com/q/g/?s=kvt
442,https://stooq.com/q/g/?s=kzs
443,https://stooq.com/q/g/?s=lab
444,https://stooq.com/q/g/?s=lan
445,https://stooq.com/q/g/?s=lbd
446,https://stooq.com/q/g/?s=lbt
447,https://stooq.com/q/g/?s=lbw
448,https://stooq.com/q/g/?s=lcc
449,https://stooq.com/q/g/?s=len
450,https://stooq.com/q/g/?s=let
451,https://stooq.com/q/g/?s=lgt
452,https://stooq.com/q/g/?s=lgz
453,https://stooq.com/q/g/?s=lkd
454,https://stooq.com/q/g/?s=lks
455,https://stooq.com/q/g/?s=lpp
456,https://stooq.com/q/g/?s=lps
457,https://stooq.com/q/g/?s=lrk
458,https://stooq.com/q/g/?s=lrq
459,https://stooq.com/q/g/?s=lsh
460,https://stooq.com/q/g/?s=lsi
461,https://stooq.com/q/g/?s=ltg
462,https://stooq.com/q/g/?s=lts
463,https://stooq.com/q/g/?s=ltx
464,https://stooq.com/q/g/?s=lug
465,https://stooq.com/q/g/?s=luk
466,https://stooq.com/q/g/?s=lux
467,https://stooq.com/q/g/?s=lvc
468,https://stooq.com/q/g/?s=lwb
469,https://stooq.com/q/g/?s=lzm
470,https://stooq.com/q/g/?s=m4b
471,https://stooq.com/q/g/?s=mab
472,https://stooq.com/q/g/?s=mad
473,https://stooq.com/q/g/?s=mak
474,https://stooq.com/q/g/?s=mar
475,https://stooq.com/q/g/?s=max
476,https://stooq.com/q/g/?s=mbf
477,https://stooq.com/q/g/?s=mbk
478,https://stooq.com/q/g/?s=mbr
479,https://stooq.com/q/g/?s=mbw
480,https://stooq.com/q/g/?s=mce
481,https://stooq.com/q/g/?s=mci
482,https://stooq.com/q/g/?s=mcp
483,https://stooq.com/q/g/?s=mcr
484,https://stooq.com/q/g/?s=mda
485,https://stooq.com/q/g/?s=mdg
486,https://stooq.com/q/g/?s=mdi
487,https://stooq.com/q/g/?s=mdn
488,https://stooq.com/q/g/?s=mdp
489,https://stooq.com/q/g/?s=meg
490,https://stooq.com/q/g/?s=mei
491,https://stooq.com/q/g/?s=mer
492,https://stooq.com/q/g/?s=mex
493,https://stooq.com/q/g/?s=mfd
494,https://stooq.com/q/g/?s=mfo
495,https://stooq.com/q/g/?s=mga
496,https://stooq.com/q/g/?s=mgc
497,https://stooq.com/q/g/?s=mgm
498,https://stooq.com/q/g/?s=mgs
499,https://stooq.com/q/g/?s=mgt
500,https://stooq.com/q/g/?s=mid
501,https://stooq.com/q/g/?s=mil
502,https://stooq.com/q/g/?s=mir
503,https://stooq.com/q/g/?s=mlb
504,https://stooq.com/q/g/?s=mlg
505,https://stooq.com/q/g/?s=mlk
506,https://stooq.com/q/g/?s=mlp
507,https://stooq.com/q/g/?s=mls
508,https://stooq.com/q/g/?s=mlt
509,https://stooq.com/q/g/?s=mma
510,https://stooq.com/q/g/?s=mmc
511,https://stooq.com/q/g/?s=mmd
512,https://stooq.com/q/g/?s=mms
513,https://stooq.com/q/g/?s=mnc
514,https://stooq.com/q/g/?s=mnd
515,https://stooq.com/q/g/?s=mns
516,https://stooq.com/q/g/?s=mnx
517,https://stooq.com/q/g/?s=mod
518,https://stooq.com/q/g/?s=moe
519,https://stooq.com/q/g/?s=moj
520,https://stooq.com/q/g/?s=mol
521,https://stooq.com/q/g/?s=mom
522,https://stooq.com/q/g/?s=mon
523,https://stooq.com/q/g/?s=mov
524,https://stooq.com/q/g/?s=mph
525,https://stooq.com/q/g/?s=mpy
526,https://stooq.com/q/g/?s=mra
527,https://stooq.com/q/g/?s=mrb
528,https://stooq.com/q/g/?s=mrc
529,https://stooq.com/q/g/?s=mrd
530,https://stooq.com/q/g/?s=mrg
531,https://stooq.com/q/g/?s=mrh
532,https://stooq.com/q/g/?s=mrk
533,https://stooq.com/q/g/?s=mrs
534,https://stooq.com/q/g/?s=msm
535,https://stooq.com/q/g/?s=msp
536,https://stooq.com/q/g/?s=msw
537,https://stooq.com/q/g/?s=msz
538,https://stooq.com/q/g/?s=mtl
539,https://stooq.com/q/g/?s=mtr
540,https://stooq.com/q/g/?s=mts
541,https://stooq.com/q/g/?s=mvp
542,https://stooq.com/q/g/?s=mwt
543,https://stooq.com/q/g/?s=mxc
544,https://stooq.com/q/g/?s=mxp
545,https://stooq.com/q/g/?s=mza
546,https://stooq.com/q/g/?s=mzn
547,https://stooq.com/q/g/?s=nct
548,https://stooq.com/q/g/?s=net
549,https://stooq.com/q/g/?s=neu
550,https://stooq.com/q/g/?s=nfp
551,https://stooq.com/q/g/?s=nng
552,https://stooq.com/q/g/?s=nov
553,https://stooq.com/q/g/?s=nst
554,https://stooq.com/q/g/?s=nts
555,https://stooq.com/q/g/?s=ntt
556,https://stooq.com/q/g/?s=ntu
557,https://stooq.com/q/g/?s=ntw
558,https://stooq.com/q/g/?s=nva
559,https://stooq.com/q/g/?s=nvt
560,https://stooq.com/q/g/?s=nvv
561,https://stooq.com/q/g/?s=nwa
562,https://stooq.com/q/g/?s=nwg
563,https://stooq.com/q/g/?s=nwr
564,https://stooq.com/q/g/?s=nxb
565,https://stooq.com/q/g/?s=oat
566,https://stooq.com/q/g/?s=obl
567,https://stooq.com/q/g/?s=odl
568,https://stooq.com/q/g/?s=oex
569,https://stooq.com/q/g/?s=oml
570,https://stooq.com/q/g/?s=onc
571,https://stooq.com/q/g/?s=opf
572,https://stooq.com/q/g/?s=opg
573,https://stooq.com/q/g/?s=opl
574,https://stooq.com/q/g/?s=opm
575,https://stooq.com/q/g/?s=opn
576,https://stooq.com/q/g/?s=opt
577,https://stooq.com/q/g/?s=orb
578,https://stooq.com/q/g/?s=org
579,https://stooq.com/q/g/?s=orl
580,https://stooq.com/q/g/?s=orn
581,https://stooq.com/q/g/?s=orp
582,https://stooq.com/q/g/?s=otm
583,https://stooq.com/q/g/?s=ots
584,https://stooq.com/q/g/?s=out
585,https://stooq.com/q/g/?s=ovo
586,https://stooq.com/q/g/?s=p24
587,https://stooq.com/q/g/?s=pas
588,https://stooq.com/q/g/?s=pat
589,https://stooq.com/q/g/?s=pbb
590,https://stooq.com/q/g/?s=pbf
591,https://stooq.com/q/g/?s=pbg
592,https://stooq.com/q/g/?s=pbt
593,https://stooq.com/q/g/?s=pbx
594,https://stooq.com/q/g/?s=pce
595,https://stooq.com/q/g/?s=pcg
596,https://stooq.com/q/g/?s=pcm
597,https://stooq.com/q/g/?s=pcr
598,https://stooq.com/q/g/?s=pcx
599,https://stooq.com/q/g/?s=pdz
